"","관측소명","GENNUM","관측소표준코드","최초설치","구분","설치년도","경도.도","경도.분","경도.초","위도.도","위도.분","위도.초","표고.El.m.","심도.m.","경도","위도"
"1","강진남성",NA,"JN-GJN-E1-0002","수질","심부1",2011,126,46,27.06,34,38,9.13,12,39,126.7741833,34.63586944
"2","강진남성",737556,"JN-GJN-E1-0003","수질","심부2",2011,126,46,27.06,34,38,9.13,12,80,126.7741833,34.63586944
"3","강진남성",737555,"JN-GJN-E1-0001","수질","천부",2011,126,46,27.06,34,38,9.13,12,13,126.7741833,34.63586944
"4","강진성남",NA,"JN-GJN-E1-0005","수질","심부1",2014,126,48,46.29,34,43,1.58,39,38,126.8128583,34.71710556
"5","강진성남",737558,"JN-GJN-E1-0006","수질","심부2",2014,126,48,46.29,34,43,1.58,39,80,126.8128583,34.71710556
"6","강진성남",737557,"JN-GJN-E1-0004","수질","천부",2014,126,48,46.29,34,43,1.58,39,10,126.8128583,34.71710556
"7","강진성전",65001,"JN-GJN-L1-0001","국가","암반",1998,126,42,29,34,41,20,54.88,67,126.7091639,34.69223333
"8","강진성전",65002,"JN-GJN-L1-0002","국가","충적",1998,126,42,29,34,41,20,54.9,9.86,126.7091639,34.69223333
"9","강진옴천",601716,"JN-GJN-L1-0005","국가","암반",2011,126,47,35,34,44,41,103.62,100,126.7929333,34.74481944
"10","강진칠량",65003,"JN-GJN-L1-0003","국가","암반",1998,126,47,50,34,34,8,8.96,66,126.7982639,34.57216667
"11","강진칠량",65004,"JN-GJN-L1-0004","국가","충적",1998,126,47,50,34,34,8,8.93,12,126.7982639,34.57216667
"12","고창고수",11768,"JB-GOC-L1-0001","국가","암반",1996,126,41,3,35,23,29,56.21,68,126.689825,35.394925
"13","고창고수",11769,"JB-GOC-L1-0002","국가","충적",1996,126,41,3,35,23,29,56.21,10,126.689825,35.394925
"14","고창대산",82022,"JB-GOC-L1-0003","국가","암반",2002,126,33,30,35,18,57,31.963,70,126.5563194,35.31895833
"15","고창삼인",NA,"JB-GOC-E1-0005","수질","심부1",2014,NA,NA,NA,NA,NA,NA,18,30,126.5887306,35.50442778
"16","고창삼인",771419,"JB-GOC-E1-0006","수질","심부2",2014,NA,NA,NA,NA,NA,NA,18,80,126.5887306,35.50442778
"17","고창삼인",771420,"JB-GOC-E1-0004","수질","천부",2014,NA,NA,NA,NA,NA,NA,18,10,126.5887306,35.50442778
"18","고창상하",82023,"JB-GOC-L1-0005","국가","암반",2002,126,29,27,35,25,3,9.515,70,126.4888028,35.42056667
"19","고창상하",82023,"JB-GOC-L1-0006","국가","충적",2002,126,29,27,35,25,3,9.498,12.95,126.4888028,35.42056667
"20","고창월암",NA,"JB-GOC-E1-0002","수질","심부1",2014,NA,NA,NA,NA,NA,NA,83,30,126.7254083,35.43174722
"21","고창월암",771421,"JB-GOC-E1-0003","수질","심부2",2014,NA,NA,NA,NA,NA,NA,83,80,126.7254083,35.43174722
"22","고창월암",771422,"JB-GOC-E1-0001","수질","천부",2014,NA,NA,NA,NA,NA,NA,83,10,126.7254083,35.43174722
"23","고창해리",718277,"JB-GOC-L1-0009","국가","암반",2018,126,31,51.79,35,28,4.75,12.91,100,126.5310528,35.46798611
"24","고흥고흥",771370,"","국가","암반",NA,NA,NA,NA,NA,NA,NA,NA,NA,127.2373722,34.60643611
"25","고흥과역",771369,"","국가","암반",NA,NA,NA,NA,NA,NA,NA,NA,NA,127.4158528,34.66521389
"26","고흥남양",771371,"","국가","암반",2021,NA,NA,NA,NA,NA,NA,NA,NA,127.3562889,34.70423611
"27","고흥대서",65006,"JN-GHG-L1-0001","국가","암반",1998,127,17,2,34,46,8,12.8,71,127.2848056,34.77201111
"28","고흥봉래",771368,"","국가","암반",NA,NA,NA,NA,NA,NA,NA,NA,NA,127.4912222,34.41918611
"29","고흥야막",NA,"JN-GHG-E1-0005","수질","심부1",2018,NA,NA,NA,NA,NA,NA,74.479,40,127.2383417,34.57213056
"30","고흥야막",771423,"JN-GHG-E1-0006","수질","심부2",2018,NA,NA,NA,NA,NA,NA,74.483,80,127.2383417,34.57213056
"31","고흥야막",771424,"JN-GHG-E1-0004","수질","천부",2018,NA,NA,NA,NA,NA,NA,74.475,18,127.2383417,34.57213056
"32","고흥영남",601715,"JN-GHG-L1-0002","국가","암반",2011,127,28,2,34,36,24,37.52,100,127.4672222,34.60666667
"33","곡성고달",73525,"JN-GKS-L1-0003","국가","암반",2001,127,19,58,35,16,21,54,70,127.3309139,35.27563333
"34","곡성고달",73526,"JN-GKS-L1-0004","국가","충적",2001,127,19,58,35,16,21,54,18.52,127.3309139,35.27563333
"35","곡성곡성",622074,"JN-GKS-L1-0007","국가","암반",2014,127,15,42,35,14,58,101.06,100,127.2616667,35.24944444
"36","곡성동계",NA,"JN-GKS-E1-0002","수질","심부1",2017,127,21,40.09,35,9,13.64,70.2,33,127.3611361,35.15378889
"37","곡성동계",737570,"JN-GKS-E1-0003","수질","심부2",2017,127,21,40.09,35,9,13.64,70.2,80,127.3611361,35.15378889
"38","곡성동계",737569,"JN-GKS-E1-0001","수질","천부",2017,127,21,40.09,35,9,13.64,70.2,16,127.3611361,35.15378889
"39","곡성목동",NA,"JN-GKS-E1-0008","수질","심부1",2018,127,20,28.83,35,17,39.79,58.856,30,127.3413417,35.29438611
"40","곡성목동",737572,"JN-GKS-E1-0009","수질","심부2",2018,127,20,28.83,35,17,39.79,58.817,80,127.3413417,35.29438611
"41","곡성목동",737571,"JN-GKS-E1-0007","수질","천부",2018,127,20,28.83,35,17,39.79,58.863,10,127.3413417,35.29438611
"42","곡성목사동",82033,"JN-GKS-L1-0005","국가","암반",2002,127,18,30,35,6,5,103.551,70,127.30635,35.1046
"43","곡성백곡",NA,"JN-GKS-E1-0011","수질","심부1",2018,127,20,51.3,35,18,52.11,67.673,30,127.3475833,35.314475
"44","곡성백곡",737574,"JN-GKS-E1-0012","수질","심부2",2018,127,20,51.3,35,18,52.11,67.687,80,127.3475833,35.314475
"45","곡성백곡",737573,"JN-GKS-E1-0010","수질","천부",2018,127,20,51.3,35,18,52.11,67.63,10,127.3475833,35.314475
"46","곡성석곡",NA,"JN-GKS-E1-0005","수질","심부1",2017,127,15,16.07,35,8,6.41,68.4,46,127.2544639,35.13511389
"47","곡성석곡",769733,"JN-GKS-E1-0006","수질","심부2",2017,127,15,16.07,35,8,6.41,68.4,80,127.2544639,35.13511389
"48","곡성석곡",769734,"JN-GKS-E1-0004","수질","천부",2017,127,15,16.07,35,8,6.41,68.4,14,127.2544639,35.13511389
"49","곡성옥과",615513,"JN-GKS-L1-0006","국가","암반",2013,127,8,44,35,16,39,91.25,100,127.1456056,35.27744722
"50","곡성입면",11776,"JN-GKS-L1-0001","국가","암반",1996,127,12,19,35,17,38,82.07,63,127.2035167,35.29695
"51","곡성입면",11777,"JN-GKS-L1-0002","국가","충적",1996,127,12,19,35,17,38,82.07,8.6,127.2035167,35.29695
"52","광양광양",637533,"JN-GWY-L1-0002","국가","암반",2015,127,34,59,34,56,39,8.114,103.5,127.5830833,34.94425
"53","광양마동",NA,"JN-GWY-E1-0002","수질","심부1",2014,127,41,51.66,34,57,12.62,66.25,30,127.6976833,34.95350556
"54","광양마동",769737,"JN-GWY-E1-0003","수질","심부2",2014,127,41,51.66,34,57,12.62,66.25,80,127.6976833,34.95350556
"55","광양마동",769738,"JN-GWY-E1-0001","수질","천부",2014,127,41,51.66,34,57,12.62,66.25,10,127.6976833,34.95350556
"56","광양봉강",95527,"JN-GWY-L1-0001","국가","암반",2005,127,34,38,35,0,49,53.77,70,127.5773139,35.0138
"57","광양석사",NA,"JN-GWY-E1-0008","수질","심부1",2014,127,34,23.7,35,58,58.33,27.96,30,127.5733944,34.982925
"58","광양석사",769739,"JN-GWY-E1-0009","수질","심부2",2014,127,34,23.7,35,58,58.33,27.96,80,127.5733944,34.982925
"59","광양석사",769740,"JN-GWY-E1-0007","수질","천부",2014,127,34,23.7,35,58,58.33,27.96,10,127.5733944,34.982925
"60","광양조령",NA,"JN-GWY-E1-0005","수질","심부1",2014,NA,NA,NA,NA,NA,NA,116.96,30,127.5654361,35.05171944
"61","광양조령",771425,"JN-GWY-E1-0006","수질","심부2",2014,NA,NA,NA,NA,NA,NA,116.96,80,127.5654361,35.05171944
"62","광양조령",771426,"JN-GWY-E1-0004","수질","천부",2014,NA,NA,NA,NA,NA,NA,116.96,10,127.5654361,35.05171944
"63","광양진상",637534,"JN-GWY-L1-0003","국가","암반",2015,127,43,15,35,1,55,18.357,103,127.7209667,35.03208889
"64","광주운림",NA,"GJ-DGK-E1-0002","수질","심부1",2010,NA,NA,NA,NA,NA,NA,134.5,30,126.9593778,35.13345833
"65","광주운림",NA,"GJ-DGK-E1-0003","수질","심부2",2010,NA,NA,NA,NA,NA,NA,134.5,80,126.9593778,35.13345833
"66","광주운림",NA,"GJ-DGK-E1-0001","수질","천부",2010,NA,NA,NA,NA,NA,NA,134.5,10,126.9593778,35.13345833
"67","광주운정",84006,"GJ-BKK-L1-0001","국가","암반",2003,126,56,45,35,13,35,61.543,70,126.9440056,35.22955
"68","광주유덕",442,"GJ-SOK-L1-0001","국가","암반",1995,126,51,33,35,9,43,19.653,70,126.8573611,35.16500556
"69","광주유덕",443,"GJ-SOK-L1-0002","국가","충적",1995,126,51,33,35,9,43,19.859,10,126.8573611,35.16500556
"70","광주임곡",NA,"GJ-GSK-E1-0002","수질","심부1",2014,126,44,49.73,35,13,15.74,41.23,30,126.7473028,35.21995556
"71","광주임곡",769743,"GJ-GSK-E1-0003","수질","심부2",2014,126,44,49.73,35,13,15.74,41.23,80,126.7473028,35.21995556
"72","광주임곡",769744,"GJ-GSK-E1-0001","수질","천부",2014,126,44,49.73,35,13,15.74,41.23,10,126.7473028,35.21995556
"73","광주지석",NA,"GJ-NMK-E1-0002","수질","심부1",2014,126,49,59.52,35,4,57.81,28.31,30,126.8332,35.082725
"74","광주지석",769745,"GJ-NMK-E1-0003","수질","심부2",2014,126,49,59.52,35,4,57.81,28.31,80,126.8332,35.082725
"75","광주지석",769746,"GJ-NMK-E1-0001","수질","천부",2014,126,49,59.52,35,4,57.81,28.31,10,126.8332,35.082725
"76","구례냉천",NA,"JN-GRE-E1-0005","수질","심부1",2018,127,29,2.63,35,13,10.6,41.791,30,127.4840639,35.21961111
"77","구례냉천",737578,"JN-GRE-E1-0006","수질","심부2",2018,127,29,2.63,35,13,10.6,41.793,80,127.4840639,35.21961111
"78","구례냉천",737577,"JN-GRE-E1-0004","수질","천부",2018,127,29,2.63,35,13,10.6,41.782,10,127.4840639,35.21961111
"79","구례원촌",NA,"JN-GRE-E1-0002","수질","심부1",2011,127,26,14.88,35,18,58.69,127.3,30,127.4374667,35.31630278
"80","구례원촌",737580,"JN-GRE-E1-0003","수질","심부2",2011,127,26,14.88,35,18,58.69,127.3,81,127.4374667,35.31630278
"81","구례원촌",737579,"JN-GRE-E1-0001","수질","천부",2011,127,26,14.88,35,18,58.69,127.3,13,127.4374667,35.31630278
"82","구례토지",87257,"JN-GRE-L1-0001","국가","암반",2004,127,31,52,35,11,41,31.38,40,127.5291417,35.19787222
"83","나주봉황",65050,"JN-NJU-L1-0003","국가","암반",1999,126,47,20,34,57,42,20.198,70,126.786775,34.96481389
"84","나주봉황",65051,"JN-NJU-L1-0004","국가","충적",1999,126,47,20,34,57,42,20.184,8.5,126.786775,34.96481389
"85","나주삼도",11773,"JN-NJU-L1-0001","국가","암반",1996,126,44,2,35,2,6,10.24,67,126.7311528,35.03846389
"86","나주삼도",11774,"JN-NJU-L1-0002","국가","충적",1996,126,44,2,35,2,6,10.24,10.4,126.7311528,35.03846389
"87","나주왕곡",637537,"JN-NJU-L1-0005","국가","암반",2015,126,42,19,34,58,37,9.526,101,126.7052972,34.97721111
"88","나주죽석",NA,"JN-NJU-E1-0003","수질","심부1",2017,126,47,23.27,34,57,24.38,29.34,30,126.7897972,34.95677222
"89","나주죽석",769759,"JN-NJU-E1-0004","수질","심부2",2017,126,47,23.27,34,57,24.38,29.34,80,126.7897972,34.95677222
"90","나주죽석",769760,"JN-NJU-E1-0002","수질","천부",2017,126,47,23.27,34,57,24.38,29.34,10,126.7897972,34.95677222
"91","남원도통",5723,"JB-NMW-L1-0001","국가","암반",1995,127,24,13,35,24,59,108.332,60,127.4004639,35.41968333
"92","남원도통",5723,"JB-NMW-L1-0002","국가","충적",1995,127,24,13,35,24,59,108.292,10,127.4004639,35.41968333
"93","남원방동",NA,"JB-NMW-E1-0003","수질","심부1",2017,127,12,56.7,35,20,29.96,73.24,30,127.21575,35.34165556
"94","남원방동",769761,"JB-NMW-E1-0004","수질","심부2",2017,127,12,56.7,35,20,29.96,73.24,80,127.21575,35.34165556
"95","남원방동",769762,"JB-NMW-E1-0002","수질","천부",2017,127,12,56.7,35,20,29.96,73.24,10,127.21575,35.34165556
"96","남원사매",601714,"JB-NMW-L1-0003","국가","암반",2011,127,22,35,35,28,54,137.76,100,127.376525,35.48164444
"97","남원산곡",NA,"JB-NMW-E1-0006","수질","심부1",2017,NA,NA,NA,NA,NA,NA,172.72,30,127.3644583,35.42865
"98","남원산곡",771433,"JB-NMW-E1-0007","수질","심부2",2017,NA,NA,NA,NA,NA,NA,172.72,80,127.3644583,35.42865
"99","남원이백",637535,"JB-NMW-L1-0004","국가","암반",2015,127,28,10,35,27,8,211.987,98,127.4696722,35.4523
"100","남원택내",NA,"JB-NMW-E1-0009","수질","심부1",2017,127,17,33.24,35,20,0.7,60.66,30,127.2925667,35.33352778
"101","남원택내",737590,"JB-NMW-E1-0010","수질","심부2",2017,127,17,33.24,35,20,0.7,60.66,80,127.2925667,35.33352778
"102","남원택내",737589,"JB-NMW-E1-0008","수질","천부",2017,127,17,33.24,35,20,0.7,60.66,10,127.2925667,35.33352778
"103","담양금성",637536,"JN-DAM-L1-0002","국가","암반",2015,127,1,52,35,19,23,69.83,103,127.0312528,35.32315278
"104","담양담양",9898,"JN-DAM-L1-0001","국가","암반",1997,126,58,40,35,18,23,44.88,79,126.9750028,35.30929167
"105","담양연천",NA,"JN-DAM-E1-0002","수질","심부1",2010,NA,NA,NA,NA,NA,NA,114.5,30,NA,NA
"106","담양연천",NA,"JN-DAM-E1-0003","수질","심부2",2010,NA,NA,NA,NA,NA,NA,114.5,80,NA,NA
"107","담양연천",NA,"JN-DAM-E1-0001","수질","천부",2010,NA,NA,NA,NA,NA,NA,114.5,13.5,NA,NA
"108","담양월계",NA,"JN-DAM-E1-0005","수질","심부1",2010,NA,NA,NA,NA,NA,NA,135.6,35,126.9985667,35.40234444
"109","담양월계",771437,"JN-DAM-E1-0006","수질","심부2",2010,NA,NA,NA,NA,NA,NA,135.6,80,126.9985667,35.40234444
"110","담양월계",771438,"JN-DAM-E1-0004","수질","천부",2010,NA,NA,NA,NA,NA,NA,135.6,15.5,126.9985667,35.40234444
"111","담양천변",NA,"JN-DAM-E1-0008","수질","심부1",2010,NA,NA,NA,NA,NA,NA,45.4,34,126.9781472,35.30990556
"112","담양천변",771439,"JN-DAM-E1-0009","수질","심부2",2010,NA,NA,NA,NA,NA,NA,45.4,80,126.9781472,35.30990556
"113","담양천변",771440,"JN-DAM-E1-0007","수질","천부",2010,NA,NA,NA,NA,NA,NA,45.4,10,126.9781472,35.30990556
"114","목포용당",6721,"JN-MPK-L1-0001","국가","암반",1995,126,23,28,34,48,29,24.43,70,126.3910139,34.81158333
"115","무안몽탄",73527,"JN-MAN-L1-0002","국가","암반",2001,126,31,41,34,53,23,3.508,70,126.5261306,34.89289444
"116","무안무안",11775,"JN-MAN-L1-0001","국가","암반",1996,126,29,48,34,58,30,31.62,70,126.4915667,34.97725556
"117","무안월암",NA,"JN-MAN-E1-0008","수질","심부1",2014,126,29,37.93,34,51,12.99,11,54,126.4938694,34.85360833
"118","무안월암",769769,"JN-MAN-E1-0009","수질","심부2",2014,126,29,37.93,34,51,12.99,11,84,126.4938694,34.85360833
"119","무안월암",769770,"JN-MAN-E1-0007","수질","천부",2014,126,29,37.93,34,51,12.99,11,13,126.4938694,34.85360833
"120","무안일로",612054,"JN-MAN-L1-0004","국가","암반",2012,126,31,31,34,52,19,5.206,102,126.5254222,34.87194722
"121","무안해제",84029,"JN-MAN-L1-0003","국가","암반",2003,126,17,17,35,5,36,14.42,70,126.2860917,35.09648611
"122","보성겸백",65019,"JN-BSG-L1-0001","국가","암반",1998,127,9,0,34,49,31,120.65,71,127.1519778,34.82858611
"123","보성벌교",82034,"JN-BSG-L1-0002","국가","암반",2002,127,20,32,34,51,26,13.79,70,127.3403194,34.86040833
"124","보성보성",771365,"","국가","암반",2021,NA,NA,NA,NA,NA,NA,NA,NA,127.0178944,34.76816389
"125","보성예당",NA,"JN-BSG-E1-0002","수질","심부1",2011,127,11,42.45,34,46,43.07,26,30,127.195125,34.77863056
"126","보성예당",769773,"JN-BSG-E1-0003","수질","심부2",2011,127,11,42.45,34,46,43.07,26,80,127.195125,34.77863056
"127","보성예당",769774,"JN-BSG-E1-0001","수질","천부",2011,127,11,42.45,34,46,43.07,26,15,127.195125,34.77863056
"128","순창고원",NA,"JB-SNC-E1-0005","수질","심부1",2017,NA,NA,NA,NA,NA,NA,82.2,30,127.209625,35.39786111
"129","순창고원",771475,"JB-SNC-E1-0006","수질","심부2",2017,NA,NA,NA,NA,NA,NA,82.2,80,127.209625,35.39786111
"130","순창고원",771476,"JB-SNC-E1-0004","수질","천부",2017,NA,NA,NA,NA,NA,NA,82.2,10,127.209625,35.39786111
"131","순창순창",65055,"JB-SNC-L1-0001","국가","암반",1999,127,9,1,35,21,53,84.818,70,127.1482333,35.36792222
"132","순창순창",65056,"JB-SNC-L1-0002","국가","충적",1999,127,9,0,35,21,53,84.717,12.82,127.1482333,35.36792222
"133","순창쌍치",82030,"JB-SNC-L1-0003","국가","암반",2002,126,59,39,35,29,47,226.873,70,126.9921056,35.49944167
"134","순창쌍치",82031,"JB-SNC-L1-0004","국가","충적",2002,126,59,39,35,29,47,226.849,16.85,126.9921056,35.49944167
"135","순창외이",NA,"JB-SNC-E1-0008","수질","심부1",2017,127,11,21.36,35,21,43.81,82.27,30,127.1892667,35.36216944
"136","순창외이",737620,"JB-SNC-E1-0009","수질","심부2",2017,127,11,21.36,35,21,43.81,82.27,80,127.1892667,35.36216944
"137","순창외이",737619,"JB-SNC-E1-0007","수질","천부",2017,127,11,21.36,35,21,43.81,82.27,10,127.1892667,35.36216944
"138","순창운남",NA,"JB-SNC-E1-0014","수질","심부1",2018,127,6,2.23,35,27,9.83,199.078,30,127.1006194,35.45273056
"139","순창운남",769791,"JB-SNC-E1-0015","수질","심부2",2018,127,6,2.23,35,27,9.83,199.056,80,127.1006194,35.45273056
"140","순창운남",769792,"JB-SNC-E1-0013","수질","천부",2018,127,6,2.23,35,27,9.83,199.076,10,127.1006194,35.45273056
"141","순창정산",NA,"JB-SNC-E1-0002","수질","심부1",2014,126,55,32.81,35,25,56.17,294,30,126.9257806,35.43226944
"142","순창정산",769793,"JB-SNC-E1-0003","수질","심부2",2014,126,55,32.81,35,25,56.17,294,80,126.9257806,35.43226944
"143","순창정산",769794,"JB-SNC-E1-0001","수질","천부",2014,126,55,32.81,35,25,56.17,294,10,126.9257806,35.43226944
"144","순창현포",NA,"JB-SNC-E1-0011","수질","심부1",2017,127,14,41.84,35,26,28.38,91.006,30,127.242025,35.44150833
"145","순창현포",737622,"JB-SNC-E1-0012","수질","심부2",2017,127,14,41.84,35,26,28.38,90.983,82,127.242025,35.44150833
"146","순창현포",737621,"JB-SNC-E1-0010","수질","천부",2017,127,14,41.84,35,26,28.38,90.968,10,127.242025,35.44150833
"147","순천동송",NA,"JN-SCN-E1-0002","수질","심부1",2011,NA,NA,NA,NA,NA,NA,15.2,30,127.4532917,34.86581944
"148","순천동송",NA,"JN-SCN-E1-0003","수질","심부2",2011,NA,NA,NA,NA,NA,NA,15.2,80,127.4532917,34.86581944
"149","순천동송",NA,"JN-SCN-E1-0001","수질","천부",2011,NA,NA,NA,NA,NA,NA,15.2,15,127.4532917,34.86581944
"150","순천상사",65057,"JN-SCN-L1-0005","국가","암반",1999,127,27,27,34,56,11,15.762,70,127.4548583,34.93925
"151","순천승주",65058,"JN-SCN-L1-0006","국가","암반",1999,127,23,30,35,0,41,125.134,70,127.390075,35.01449722
"152","순천외서",9896,"JN-SCN-L1-0003","국가","암반",1997,127,16,44,34,54,39,201.69,70,127.2768917,34.91396667
"153","순천외서",9897,"JN-SCN-L1-0004","국가","충적",1997,127,16,44,34,54,39,201.71,12.04,127.2768917,34.91396667
"154","순천주암",717013,"JN-SCN-L1-0009","국가","암반",2017,127,18,17,35,1,50,203.89,100,127.3048361,35.030525
"155","순천풍덕",6752,"JN-SCN-L1-0001","국가","암반",1995,127,30,39,34,56,3,6.295,60,127.5084639,34.93701389
"156","순천풍덕",6753,"JN-SCN-L1-0002","국가","충적",1995,127,30,39,34,56,3,6.436,10,127.5084639,34.93701389
"157","순천황전",65059,"JN-SCN-L1-0007","국가","암반",1999,127,25,44,35,5,54,69.316,70,127.4275111,35.10125
"158","순천황전",65060,"JN-SCN-L1-0008","국가","충적",1999,127,25,44,35,5,54,69.311,21.59,127.4275111,35.10125
"159","신안신용",NA,"JN-SAN-E1-0002","수질","심부1",2018,NA,NA,NA,NA,NA,NA,18.269,32,126.3099444,34.87138889
"160","신안신용",771479,"JN-SAN-E1-0003","수질","심부2",2018,NA,NA,NA,NA,NA,NA,18.281,83,126.3099444,34.87138889
"161","신안신용",771480,"JN-SAN-E1-0001","수질","천부",2018,NA,NA,NA,NA,NA,NA,18.277,11,126.3099444,34.87138889
"162","신안신장",NA,"JN-SAN-E1-0005","수질","심부1",2018,NA,NA,NA,NA,NA,NA,22.511,43,126.3511917,34.83238611
"163","신안신장",771481,"JN-SAN-E1-0006","수질","심부2",2018,NA,NA,NA,NA,NA,NA,22.403,80,126.3511917,34.83238611
"164","신안신장",771480,"JN-SAN-E1-0004","수질","천부",2018,NA,NA,NA,NA,NA,NA,22.417,20,126.3511917,34.83238611
"165","여수둔전",NA,"JN-RSU-E1-0005","수질","심부1",2018,127,46,19.05,34,39,10.5,56.145,30,127.7719583,34.65291667
"166","여수둔전",737632,"JN-RSU-E1-0006","수질","심부2",2018,127,46,19.05,34,39,10.5,56.172,80,127.7719583,34.65291667
"167","여수둔전",737631,"JN-RSU-E1-0004","수질","천부",2018,127,46,19.05,34,39,10.5,56.205,10,127.7719583,34.65291667
"168","여수소라",82035,"JN-RSU-L1-0001","국가","암반",2002,127,37,14,34,46,25,48.08,70,127.6186417,34.7769
"169","여수오림",NA,"JN-RSU-E1-0002","수질","심부1",2014,NA,NA,NA,NA,NA,NA,88.37,34.5,127.7280111,34.76266944
"170","여수오림",771487,"JN-RSU-E1-0003","수질","심부2",2014,NA,NA,NA,NA,NA,NA,88.37,80,127.7280111,34.76266944
"171","여수오림",771488,"JN-RSU-E1-0001","수질","천부",2014,NA,NA,NA,NA,NA,NA,88.37,15,127.7280111,34.76266944
"172","여수평여",612030,"JN-RSU-L1-0002","국가","암반",2012,127,40,17,34,48,38,28.853,100,127.6714917,34.81080833
"173","영광불갑",82036,"JN-YGG-L1-0001","국가","암반",2002,126,30,32,35,12,21,27.462,70,126.5069611,35.20906389
"174","영암금계",NA,"JN-YAM-E1-0014","수질","심부1",2018,126,35,49.86,34,43,11.02,18.821,38,126.5971833,34.71972778
"175","영암금계",737648,"JN-YAM-E1-0015","수질","심부2",2018,126,35,49.86,34,43,11.02,18.834,80,126.5971833,34.71972778
"176","영암금계",737647,"JN-YAM-E1-0013","수질","천부",2018,126,35,49.86,34,43,11.02,18.852,10,126.5971833,34.71972778
"177","영암덕화",NA,"JN-YAM-E1-0005","수질","심부1",2017,126,38,10.56,34,50,7.08,6.98,30,126.6362667,34.8353
"178","영암덕화",737650,"JN-YAM-E1-0006","수질","심부2",2017,126,38,10.56,34,50,7.08,6.98,80,126.6362667,34.8353
"179","영암덕화",737649,"JN-YAM-E1-0004","수질","천부",2017,126,38,10.56,34,50,7.08,6.98,10,126.6362667,34.8353
"180","영암미암",615519,"JN-YAM-L1-0003","국가","암반",2013,126,34,59,34,41,50,23.53,100,126.5829694,34.69708611
"181","영암미암",615520,"JN-YAM-L1-0004","국가","충적",2013,126,34,59,34,41,49,23.55,25,126.5829694,34.69708611
"182","영암영암",514306,"JN-YAM-L1-0001","국가","암반",2010,126,42,36,34,48,25,8.38,100,126.7079861,34.81016944
"183","영암영암",514307,"JN-YAM-L1-0002","국가","충적",2010,126,42,36,34,48,25,8.38,18,126.7079861,34.81016944
"184","영암옥야",NA,"JN-YAM-E1-0002","수질","심부1",2014,126,35,14.04,34,53,44.99,10,33,126.5872333,34.89583056
"185","영암옥야",737652,"JN-YAM-E1-0003","수질","심부2",2014,126,35,14.04,34,53,44.99,10,85,126.5872333,34.89583056
"186","영암옥야",737651,"JN-YAM-E1-0001","수질","천부",2014,126,35,14.04,34,53,44.99,10,10,126.5872333,34.89583056
"187","영암용앙",NA,"JN-YAM-E1-0017","수질","심부1",2018,126,28,8.76,34,44,59.61,17.375,33,126.4691,34.74989167
"188","영암용앙",769805,"JN-YAM-E1-0018","수질","심부2",2018,126,28,8.76,34,44,59.61,17.338,90,126.4691,34.74989167
"189","영암용앙",769806,"JN-YAM-E1-0016","수질","천부",2018,126,28,8.76,34,44,59.61,17.425,15,126.4691,34.74989167
"190","영암장천",NA,"JN-YAM-E1-0008","수질","심부1",2017,126,34,54.04,34,45,19.35,18.14,30,126.5816778,34.755375
"191","영암장천",737654,"JN-YAM-E1-0009","수질","심부2",2017,126,34,54.04,34,45,19.35,18.14,80,126.5816778,34.755375
"192","영암장천",737653,"JN-YAM-E1-0007","수질","천부",2017,126,34,54.04,34,45,19.35,18.14,10,126.5816778,34.755375
"193","영암학산",615521,"JN-YAM-L1-0005","국가","암반",2013,126,35,6,34,43,40,33.23,100,126.58505,34.72788056
"194","영암회문",737655,"JN-YAM-E1-0011","수질","심부1",2018,126,41,7.44,34,47,35.93,23.265,30,126.6854,34.79331389
"195","영암회문",737656,"JN-YAM-E1-0012","수질","심부2",2018,126,41,7.44,34,47,35.93,23.235,70.5,126.6854,34.79331389
"196","영암회문",NA,"JN-YAM-E1-0010","수질","천부",2018,126,41,7.44,34,47,35.93,23.248,10,126.6854,34.79331389
"197","완도가용",NA,"JN-WDO-E1-0005","수질","심부1",2018,126,44,2.18,34,19,9.64,4.312,35,126.7339389,34.31934444
"198","완도가용",737664,"JN-WDO-E1-0006","수질","심부2",2018,126,44,2.18,34,19,9.64,4.347,80,126.7339389,34.31934444
"199","완도가용",737663,"JN-WDO-E1-0004","수질","천부",2018,126,44,2.18,34,19,9.64,4.276,21,126.7339389,34.31934444
"200","완도군외",612004,"JN-WDO-L1-0001","국가","암반",2012,126,40,6,34,20,51,146.87,100,126.6682472,34.34744167
"201","완도덕암",NA,"JN-WDO-E1-0002","수질","심부1",2018,126,48,15.11,34,24,0.02,25.029,30,126.8041972,34.40000556
"202","완도덕암",769809,"JN-WDO-E1-0003","수질","심부2",2018,126,48,15.11,34,24,0.02,25.013,80,126.8041972,34.40000556
"203","완도덕암",769810,"JN-WDO-E1-0001","수질","천부",2018,126,48,15.11,34,24,0.02,24.993,13.5,126.8041972,34.40000556
"204","임실덕치",514701,"JB-ISL-L1-0006","국가","암반",2001,127,9,6,35,28,14,196.6,120,127.1524528,35.47365556
"205","임실덕치",514702,"JB-ISL-L1-0007","국가","충적",2001,127,9,6,35,28,14,196.6,10.36,127.1524528,35.47365556
"206","임실관촌",771366,"","국가","암반",2021,NA,NA,NA,NA,NA,NA,NA,NA,127.2698639,35.67146111
"207","임실쌍암",NA,"JB-ISL-E1-0002","수질","심부1",2011,127,9,30.33,35,39,50.28,220,32,127.1578861,35.66402222
"208","임실쌍암",769819,"JB-ISL-E1-0003","수질","심부2",2011,127,9,30.33,35,39,50.28,220,80,127.1578861,35.66402222
"209","임실쌍암",769820,"JB-ISL-E1-0001","수질","천부",2011,127,9,30.33,35,39,50.28,220,13,127.1578861,35.66402222
"210","임실오수",514310,"JB-ISL-L1-0004","국가","암반",2010,127,19,38,35,31,39,116.75,100,127.3274028,35.52761944
"211","임실오수",514311,"JB-ISL-L1-0005","국가","충적",2010,127,19,37,35,31,37,116.75,15,127.3274028,35.52761944
"212","임실오수2",NA,"JB-ISL-E1-0005","수질","심부1",2017,127,19,58.9,35,32,43.84,123.882,30,127.3330167,35.54558333
"213","임실오수2",737688,"JB-ISL-E1-0006","수질","심부2",2017,127,19,58.9,35,32,43.84,123.718,80,127.3330167,35.54558333
"214","임실오수2",737687,"JB-ISL-E1-0004","수질","천부",2017,127,19,58.9,35,32,43.84,123.971,10,127.3330167,35.54558333
"215","임실임실",9906,"JB-ISL-L1-0001","국가","암반",1997,127,17,43,35,37,22,222.2,69,127.2933167,35.62617778
"216","장성남면",73528,"JN-JSG-L1-0003","국가","암반",2001,126,48,54,35,14,39,40.992,70,126.8129917,35.24734444
"217","장성남면",73529,"JN-JSG-L1-0004","국가","충적",2001,126,48,54,35,14,39,40.988,14,126.8129917,35.24734444
"218","장성북이",82037,"JN-JSG-L1-0005","국가","암반",2002,126,48,8,35,23,56,84.893,70,126.8009278,35.40238889
"219","장성북이",82038,"JN-JSG-L1-0006","국가","충적",2002,126,48,8,35,23,56,84.877,10,126.8009278,35.40238889
"220","장성분향",NA,"JN-JSG-E1-0002","수질","심부1",2010,126,48,44.21,35,14,35.92,35.1,33,126.8122806,35.24331111
"221","장성분향",769821,"JN-JSG-E1-0003","수질","심부2",2010,126,48,44.21,35,14,35.92,35.1,80,126.8122806,35.24331111
"222","장성분향",769822,"JN-JSG-E1-0001","수질","천부",2010,126,48,44.21,35,14,35.92,35.1,11.5,126.8122806,35.24331111
"223","장성삼계",622082,"JN-JSG-L1-0007","국가","암반",2014,126,37,13,35,18,2,228.48,176,126.6202778,35.30055556
"224","장성아곡",NA,"JN-JSG-E1-0008","수질","심부1",2014,NA,NA,NA,NA,NA,NA,92,30,126.7287528,35.31679167
"225","장성아곡",771517,"JN-JSG-E1-0009","수질","심부2",2014,NA,NA,NA,NA,NA,NA,92,80,126.7287528,35.31679167
"226","장성아곡",771518,"JN-JSG-E1-0007","수질","천부",2014,NA,NA,NA,NA,NA,NA,92,10,126.7287528,35.31679167
"227","장성약수",NA,"JN-JSG-E1-0005","수질","심부1",2014,NA,NA,NA,NA,NA,NA,139,31,126.8796528,35.42993333
"228","장성약수",771519,"JN-JSG-E1-0006","수질","심부2",2014,NA,NA,NA,NA,NA,NA,139,80,126.8796528,35.42993333
"229","장성약수",771520,"JN-JSG-E1-0004","수질","천부",2014,NA,NA,NA,NA,NA,NA,139,10,126.8796528,35.42993333
"230","장성영천",NA,"JN-JSG-E1-0011","수질","심부1",2014,NA,NA,NA,NA,NA,NA,194,40,126.7855361,35.29710278
"231","장성영천",771521,"JN-JSG-E1-0012","수질","심부2",2014,NA,NA,NA,NA,NA,NA,194,80,126.7855361,35.29710278
"232","장성영천",771520,"JN-JSG-E1-0010","수질","천부",2014,NA,NA,NA,NA,NA,NA,194,20,126.7855361,35.29710278
"233","장수번암",73524,"JB-JSU-L1-0005","국가","암반",2001,127,29,57,35,32,42,312.363,70,127.4971111,35.54823056
"234","장수산서",9907,"JB-JSU-L1-0001","국가","암반",1997,127,23,38,35,34,49,147.4,69,127.3925889,35.58329444
"235","장수산서",9908,"JB-JSU-L1-0002","국가","충적",1997,127,23,38,35,34,49,147.38,10.5,127.3925889,35.58329444
"236","장흥신월",NA,"JN-JHG-E1-0002","수질","심부1",2014,NA,NA,NA,NA,NA,NA,124,30,126.8331389,34.76720556
"237","장흥신월",771523,"JN-JHG-E1-0003","수질","심부2",2014,NA,NA,NA,NA,NA,NA,124,80,126.8331389,34.76720556
"238","장흥신월",771524,"JN-JHG-E1-0001","수질","천부",2014,NA,NA,NA,NA,NA,NA,124,10,126.8331389,34.76720556
"239","장흥장흥",65037,"JN-JHG-L1-0001","국가","암반",1998,126,53,24,34,41,7,23.98,64,126.8910722,34.68853889
"240","장흥장흥",65038,"JN-JHG-L1-0002","국가","충적",1998,126,53,24,34,41,7,23.98,11.7,126.8910722,34.68853889
"241","제주노형",95534,"JJ-JJU-L1-0001","국가","암반",2005,126,29,4,33,26,35,271.17,400,126.4825,33.44635833
"242","제주동홍",95535,"JJ-SGD-L1-0001","국가","암반",2005,126,34,8,33,16,20,187.7,340,126.5668194,33.27546389
"243","제주조천",95537,"JJ-JJU-L1-0002","국가","암반",2005,126,43,37,33,25,28,342.6,490,126.7248361,33.42769722
"244","제주한경",95536,"JJ-JJU-L1-0003","국가","암반",2005,126,16,21,33,19,8,139.81,400,126.2706417,33.322375
"245","진도석교",NA,"JN-JHD-E1-0002","수질","심부1",2018,126,11,27.18,34,24,22.51,5.855,30,126.1908833,34.40625278
"246","진도석교",737694,"JN-JHD-E1-0003","수질","심부2",2018,126,11,27.18,34,24,22.51,5.795,80,126.1908833,34.40625278
"247","진도석교",737693,"JN-JHD-E1-0001","수질","천부",2018,126,11,27.18,34,24,22.51,5.844,10,126.1908833,34.40625278
"248","진도의신",95528,"JN-JHD-L1-0001","국가","암반",2005,126,16,53,34,25,45,14.75,70,126.2794361,34.43232222
"249","진안덕현",NA,"JB-JIN-E1-0002","수질","심부1",2014,NA,NA,NA,NA,NA,NA,364,33,127.3807917,35.68413889
"250","진안덕현",771529,"JB-JIN-E1-0003","수질","심부2",2014,NA,NA,NA,NA,NA,NA,364,80,127.3807917,35.68413889
"251","진안덕현",771530,"JB-JIN-E1-0001","수질","천부",2014,NA,NA,NA,NA,NA,NA,364,10,127.3807917,35.68413889
"252","진안마령",65039,"JB-JIN-L1-0001","국가","암반",1998,127,22,12,35,43,54,279.65,71,127.3708917,35.734575
"253","하동양보",82047,"GN-HDG-L1-0005","국가","암반",2002,127,50,51,35,2,47,30.122,70,127.8455778,35.04948333
"254","하동진정",NA,"GN-HDG-E1-0002","수질","심부1",2011,127,49,29.95,34,59,9.62,17.7,30,127.8249861,34.98600556
"255","하동진정",737728,"GN-HDG-E1-0003","수질","심부2",2011,127,49,29.95,34,59,9.62,17.7,80,127.8249861,34.98600556
"256","하동진정",737727,"GN-HDG-E1-0001","수질","천부",2011,127,49,29.95,34,59,9.62,17.7,15,127.8249861,34.98600556
"257","하동하동",11780,"GN-HDG-L1-0001","국가","암반",1996,127,44,36,35,4,6,7.66,64,127.7410444,35.07117778
"258","하동하동",11781,"GN-HDG-L1-0002","국가","충적",1996,127,44,36,35,4,6,7.66,10.7,127.7410444,35.07117778
"259","하동화개",73549,"GN-HDG-L1-0003","국가","암반",2001,127,40,47,35,8,23,15.644,70,127.6652083,35.15655278
"260","하동화개",73550,"GN-HDG-L1-0004","국가","충적",2001,127,40,47,35,8,23,15.627,12,127.6652083,35.15655278
"261","함평신광",9899,"JN-HPG-L1-0001","국가","암반",1997,126,29,54,35,8,35,40.56,70,126.4972611,35.15408889
"262","함평신광",9900,"JN-HPG-L1-0002","국가","충적",1997,126,29,54,35,8,35,40.52,12.61,126.4972611,35.15408889
"263","함평엄다",NA,"JN-HPG-E1-0002","수질","심부1",2014,126,30,57.31,35,0,38.53,15,30,126.5159194,35.01070278
"264","함평엄다",737730,"JN-HPG-E1-0003","수질","심부2",2014,126,30,57.31,35,0,38.53,15,85,126.5159194,35.01070278
"265","함평엄다",737729,"JN-HPG-E1-0001","수질","천부",2014,126,30,57.31,35,0,38.53,15,10,126.5159194,35.01070278
"266","함평운교",NA,"JN-HPG-E1-0005","수질","심부1",2014,NA,NA,NA,NA,NA,NA,64,30,126.5006972,35.13585556
"267","함평운교",771555,"JN-HPG-E1-0006","수질","심부2",2014,NA,NA,NA,NA,NA,NA,64,80,126.5006972,35.13585556
"268","함평운교",771556,"JN-HPG-E1-0004","수질","천부",2014,NA,NA,NA,NA,NA,NA,64,10,126.5006972,35.13585556
"269","함평월야",514308,"JN-HPG-L1-0003","국가","암반",2010,127,37,27,35,11,59,30.67,100,126.6242889,35.19975556
"270","함평월야",514309,"JN-HPG-L1-0004","국가","충적",2010,127,37,27,35,11,59,30.67,15,126.6242889,35.19975556
"271","함평월야2",NA,"JN-HPG-E1-0009","수질","심부1",2017,126,37,30.25,35,10,49.99,30.43,30,126.6250694,35.18055278
"272","함평월야2",737732,"JN-HPG-E1-0010","수질","심부2",2017,126,37,30.25,35,10,49.99,30.43,80,126.6250694,35.18055278
"273","함평월야2",737731,"JN-HPG-E1-0008","수질","천부",2017,126,37,30.25,35,10,49.99,30.43,10,126.6250694,35.18055278
"274","해남상가",NA,"JN-HAE-E1-0002","수질","심부1",2013,NA,NA,NA,NA,NA,NA,76.683,30,126.6391083,34.52936389
"275","해남상가",NA,"JN-HAE-E1-0003","수질","심부2",2013,NA,NA,NA,NA,NA,NA,76.683,80,126.6391083,34.52936389
"276","해남상가",NA,"JN-HAE-E1-0001","수질","천부",2013,NA,NA,NA,NA,NA,NA,76.683,10,126.6391083,34.52936389
"277","해남북일",771367,"","","암반",2021,NA,NA,NA,NA,NA,NA,NA,NA,126.7129139,34.46553333
"278","해남북일",771388,"","","충적",2021,NA,NA,NA,NA,NA,NA,NA,NA,126.7129139,34.46553333
"279","해남옥천",622084,"JN-HAE-L1-0003","국가","암반",2014,126,38,35,34,36,37,11.19,100,126.6430556,34.61027778
"280","해남우항",NA,"JN-HAE-E1-0008","수질","심부1",2014,126,26,10.5,34,34,38.62,12,60,126.43625,34.57739444
"281","해남우항",737736,"JN-HAE-E1-0009","수질","심부2",2014,126,26,10.5,34,34,38.62,12,90,126.43625,34.57739444
"282","해남우항",737735,"JN-HAE-E1-0007","수질","천부",2014,126,26,10.5,34,34,38.62,12,30,126.43625,34.57739444
"283","해남해남",9901,"JN-HAE-L1-0001","국가","암반",1997,126,35,35,34,33,16,48.76,76,126.5908583,34.55814722
"284","해남현산",65599,"JN-HAE-L1-0002","국가","암반",2000,126,35,13,34,25,35,14.074,70,126.5849778,34.42958611
"285","해남화내",NA,"JN-HAE-E1-0005","수질","심부1",2014,NA,NA,NA,NA,NA,NA,16,35,126.5687361,34.62164167
"286","해남화내",771559,"JN-HAE-E1-0006","수질","심부2",2014,NA,NA,NA,NA,NA,NA,16,85,126.5687361,34.62164167
"287","해남화내",771560,"JN-HAE-E1-0004","수질","천부",2014,NA,NA,NA,NA,NA,NA,16,10,126.5687361,34.62164167
"288","화순남면",87258,"JN-HSN-L1-0006","국가","암반",2004,127,7,22,34,59,51,113.14,70,127.1208778,35.00063611
"289","화순능주",9902,"JN-HSN-L1-0001","국가","암반",1997,126,57,16,35,0,54,42.77,62,126.9529444,35.01691389
"290","화순능주",9903,"JN-HSN-L1-0002","국가","충적",1997,126,57,16,35,0,54,42.8,6.4,126.9529444,35.01691389
"291","화순독상",NA,"JN-HSN-E1-0011","수질","심부1",2018,127,7,42.66,35,4,8.39,128.946,30,127.1285167,35.06899722
"292","화순독상",737740,"JN-HSN-E1-0012","수질","심부2",2018,127,7,42.66,35,4,8.39,128.923,80,127.1285167,35.06899722
"293","화순독상",737739,"JN-HSN-E1-0010","수질","천부",2018,127,7,42.66,35,4,8.39,128.832,10,127.1285167,35.06899722
"294","화순북면",65080,"JN-HSN-L1-0003","국가","암반",1999,127,8,21,35,11,26,260.319,70,127.1368917,35.19255833
"295","화순원천",NA,"JN-HSN-E1-0008","수질","심부1",2014,NA,NA,NA,NA,NA,NA,73.8,34.5,126.8967722,34.93765833
"296","화순원천",771569,"JN-HSN-E1-0009","수질","심부2",2014,NA,NA,NA,NA,NA,NA,73.8,80,126.8967722,34.93765833
"297","화순원천",771570,"JN-HSN-E1-0007","수질","천부",2014,NA,NA,NA,NA,NA,NA,73.8,15,126.8967722,34.93765833
"298","화순이양",73530,"JN-HSN-L1-0004","국가","암반",2001,127,1,57,34,51,40,96.312,70,127.03055,34.86439444
"299","화순이양",73531,"JN-HSN-L1-0005","국가","충적",2001,127,1,57,34,51,40,96.322,10,127.03055,34.86439444
"300","화순이천",NA,"JN-HSN-E1-0002","수질","심부1",2011,127,8,0.83,35,10,9.31,229.5,30,127.1335639,35.16925278
"301","화순이천",737742,"JN-HSN-E1-0003","수질","심부2",2011,127,8,0.83,35,10,9.31,229.5,80,127.1335639,35.16925278
"302","화순이천",737741,"JN-HSN-E1-0001","수질","천부",2011,127,8,0.83,35,10,9.31,229.5,17,127.1335639,35.16925278
"303","화순천암",NA,"JN-HSN-E1-0005","수질","심부1",2014,126,54,29.82,35,0,45.14,32.95,30,126.9082833,35.01253889
"304","화순천암",737744,"JN-HSN-E1-0006","수질","심부2",2014,126,54,29.82,35,0,45.14,32.95,80,126.9082833,35.01253889
"305","화순천암",737743,"JN-HSN-E1-0004","수질","천부",2014,126,54,29.82,35,0,45.14,32.95,10,126.9082833,35.01253889
